{"proxies":{"ti.imagepicker.TitaniumImagepickerModule":{"superPackageName":"org.appcelerator.kroll","methods":{"openGallery":{"runOnUiThread":true,"hasInvocation":false,"args":[{"converter":"org.appcelerator.kroll.KrollConverter","defaultValueProvider":"org.appcelerator.kroll.KrollConverter","name":"args","sourceName":"args","type":"org.appcelerator.kroll.KrollDict"}],"apiName":"openGallery","converter":"org.appcelerator.kroll.KrollConverter","defaultValueProvider":"org.appcelerator.kroll.KrollConverter","name":"__default_name__","returnType":"void"}},"superProxyBindingClassName":"org.appcelerator.kroll.KrollModuleBindingGen","proxyClassName":"TitaniumImagepickerModule","proxyAttrs":{"propertyAccessors":[],"fullAPIName":"TitaniumImagepicker","name":"TitaniumImagepicker","proxyClassName":"ti.imagepicker.TitaniumImagepickerModule","isTopLevel":false,"id":"ti.imagepicker"},"packageName":"ti.imagepicker","sourceName":"ti.imagepicker.TitaniumImagepickerModuleBindingGen","superProxyClassName":"KrollModule","isModule":true,"genClassName":"TitaniumImagepickerModuleBindingGen"}},"modules":{"ti.imagepicker.TitaniumImagepickerModule":{"apiName":"TitaniumImagepicker"}}}